Journal,Scope
COMPUTATIONAL STATISTICS,"Computational Statistics (CompStat) is an international journal that promotes the publication of applications and methodological research in Computational Statistics and Data Science. The focus of papers in CompStat is on the contribution to and influence of computing on statistics and vice versa with special attention to contributions analyzing complex data sets. The journal provides a forum for computer scientists, mathematicians, and statisticians in a variety of fields of statistics such as biometrics, econometrics, big data analysis, functional data analysis, image analysis, spatial data analysis, graphics, simulation, algorithms, knowledge-based systems, non/semi-parametrics, and Bayesian computing. CompStat publishes package reports and software articles."
JOURNAL OF THE ROYAL STATISTICAL SOCIETY SERIES C-APPLIED STATISTICS,"Series C seeks to publish papers that are tackling genuine problems in applied statistics, i.e. where applications are central to the paper and provide the motivation for the work presented. This usually implies that the specific application under study will also be mentioned in the title, and should figure prominently in abstract, introduction and discussion as well as in other parts of the paper. In essence, papers should directly engage with the application and should clearly indicate what additional insights into the applied problem have been gained by applying the suggested methodology. This also implies that some technical details, derivations and proofs might not form part of the main body of the text, but might be moved into supplementary material.
Series C papers make a novel contribution to statistics by adapting or developing new statistical methodology for a specific applied context, or by demonstrating the innovative combination of existing advanced statistical methods. JRSS-C also accepts papers on computational statistics, machine learning and data science, if they are engaging with an application as outlined above. Papers where the application merely serves as an illustration for new methodology or papers that use well-established statistical methods to analyze data are not suitable for JRSS-C. Similarly, papers that only contain brief numerical illustrations or focus exclusively on simulation studies are not suitable, although numerical illustrations and simulations may of course form part of a JRSS-C paper.
In terms of application areas and methodologies, Series C tries to be as broad as possible and therefore covers the whole range of interdisciplinary fields where statistics is applied, including but being by no means limited to agriculture, biology, chemistry, ecology, economics, genetics, industry, medicine, physics, and social sciences."
JOURNAL OF TIME SERIES ANALYSIS,"During the last 30 years Time Series Analysis has become one of the most important and widely used branches of Mathematical Statistics. Its fields of application range from neurophysiology to astrophysics and it covers such well-known areas as economic forecasting, study of biological data, control systems, signal processing and communications and vibrations engineering. The Journal of Time Series Analysis started in 1980, has since become the leading journal in its field, publishing papers on both fundamental theory and applications, as well as review papers dealing with recent advances in major areas of the subject and short communications on theoretical developments. The editorial board consists of many of the world's leading experts in Time Series Analysis"
R JOURNAL,"The R Journal is a peer-reviewed, open-access scientific journal, published by The R Foundation. It features short- to medium-length articles (up to 20 pages) covering topics of interest to users and developers of R. For example, description and implementation details of R packages, surveys or reviews of R software related to a particular area, applications of R software or descriptions of teaching resources related to R.
All submissions must primarily be about R packages and R programming. Submissions that involve R calling other software will be considered provided: (a) the other software is open source and free to use; (b) is widely used; and (c) there is a clear justification for using it rather than a native R implementation. Occasional exceptions may be made if (a) is not satisfied, provided there is no viable open source alternative.
The R Journal reaches a wide audience and has a thorough review process. It has a generally increasing SJR impact factor. Papers are expected to be concise, clearly written, not too technical, clearly related to R, and follow reproducible practices. Additional technical details and examples could be included as supplementary material. Authors of refereed articles should take care to:
put their contribution in context, in particular discuss related R functions or packages;
explain the motivation for their contribution;
provide code to reproduce the material in the paper.
The R Journal accepts a variety of article topics including:
Packages: Details of contributed R packages that are available on CRAN or Bioconductor, that go beyond a package vignette. This includes providing the broader context, implementation details, applications or examples of use, with the purpose being to make the work relevant to a wider readership than only the package users. The paper might explain the novelty in implementation and use of R, introduce new data structures or general architectures that could be re-usable for other R projects. Note that both the paper and the code will be reviewed. See our guidelines for papers about R packages.
Reviews and proposals: surveying and discussing challenges and opportunities of potential importance for the broader R community, including proposals and proof-of-concept implementations.
Comparisons and benchmarking: of implementations in base-R and contributed packages with each other, and where relevant with implementations in other software systems.
Applications: demonstrating how new or existing techniques can be applied in an area of current interest using R, providing a fresh view of such analyses in R that is of benefit beyond the specific application.
Special issue articles: papers associated with a conference like R Medicine, or possibly a collection of papers on a particular topic of interest."
SCANDINAVIAN JOURNAL OF STATISTICS,"The Scandinavian Journal of Statistics is internationally recognised as one of the leading statistical journals in the world. It was founded in 1974 by four Scandinavian statistical societies. Today more than eighty per cent of the manuscripts are submitted from outside Scandinavia. It is an international journal devoted to reporting significant and innovative original contributions to statistical methodology, well justified by theory and numerical experiments, and illustrated by real data applications. The journal specialises in statistical modelling showing particular appreciation of the underlying substantive research problems."
SPATIAL STATISTICS,"Spatial Statistics publishes articles on the theory and application of spatial and spatio-temporal statistics. It favours manuscripts that present theory generated by new applications, or in which new theory is applied to an important practical case. A purely theoretical study will only rarely be accepted. Pure case studies and algorithms without methodological development are not acceptable for publication.
Spatial Statistics concerns the quantitative analysis of spatial and spatio-temporal data, including their statistical dependencies, heterogeneity, accuracy and uncertainties. Methodology for spatial statistics is typically found in probability theory, stochastic modelling and mathematical statistics as well as in information and computer science. Spatial statistics is used in mapping, assessing spatial data quality, sampling design optimisation, modelling of spatial structures, and drawing of valid inference and causality from a limited set of spatio-temporal data. Application fields include:
The physical domains, e.g. environment, climate, agriculture, ecology, geosciences oceanography and remote sensing.
The social/economic domains, e.g. epidemiology, population characteristics, and disease mapping.
Spatial Statistics encourages the submission of short communications and case studies in spatial statistics (i.e. manuscripts up to 3000 words presenting novel spatial statistical applications).
Spatial Statistics aims to publish reproducible science. Authors are encouraged to submit and publish data, procedures, models and methods that support your research publication. It provides facilities to interlink those with your published articles.
Spatial Statistics has an open attitude towards the latest developments in data science, deep learning and geoAI, as long as a substantial statistical component is present."
STATISTICA SINICA,"Statistica Sinica aims to meet the needs of statisticians and data scientists in a rapidly changing world. It provides a forum for publishing innovative work of high quality in all areas of statistics and data science, including theory, methodology, and applications. The journal encourages the development and principled use of statistical methodologies relevant to society, science, and technology."
STATISTICAL ANALYSIS AND DATA MINING,"Statistical Analysis and Data Mining is primarily a statistical journal focusing on novelty, intellectual importance, and relevance in current topics of contemporary research in statistics, statistical machine learning, and statistical data mining. This is interpreted broadly to include innovative analytic techniques and applications provided they have a secure grounding in mathematical rigor. Aside from the emphasis on novelty, methodologies are expected to have been developed to the point that their key general properties can be established and their applicability can be assessed. In principle, any topic in any emerging areas of statistical thinking is welcome.
Statistical Analysis and Data Mining also welcomes review articles on recent topics of broad contemporary interest in statistics research.
Submitted research papers should have a clear focus stated succinctly in an introduction. The introduction should provide enough background that a typical reader will be able to see why the contribution is important. The development of the theory, methodology, computational approach, or other aspects of the focus should proceed in a logically streamlined way. When a new method is given, a statement of when it is better than existing methods should be made and supported via theory, systematic simulations, or other argumentation. An application demonstrating the feasibility of any new technique is also usually desirable.
Suggested approach:
Scan the paper to identify the key contribution.
If the key contribution is minor, reject the paper.
If the key contribution is substantial:
a) Synopsize the main ideas of the paper in your own summary;
b) If you know of any closely related research not covered in the paper, mention it;
c) Check the paper for accuracy and note corrections;
d) Check the paper for clarity and suggest alternative wordings where appropriate;
e) If you find the paper incomplete, consider writing your own publishable comment.
4) Do not hesitate to ask the Associate Editor to obtain any of the following, as needed:
a) Reference papers not easily accessible;
b) Original source data;
c) Original code.
5) Make your recommendation for:
a) Acceptance - paper publishable as is;
b) Minor Revision - no serious errors but may require some elaboration of existing work;
c) Major Revision - poorly written or containing potentially correctable flaws; may require new research to be a complete contribution;
d) Rejection - paper would need to be totally rewritten, expanded to provide a more substantial contribution, i.e., the amount of new research that would be required is too large or may not be feasible, or the paper should be abandoned as a bad idea."
STATISTICAL METHODS AND APPLICATIONS,"Statistical Methods and Applications (SMA), the official Journal of the Italian Statistical Society, is an international journal aiming at promoting the development of statistical methodology and its applications in the biological, demographic, economic, health, physical, social and other scientific domains. SMA includes two sections: The first is devoted to statistical methodology and publishes original contributions in all fields of Statistics and, occasionally, critical reviews and discussions on recent developments in statistical theory and methods. The second section of the journal publishes papers devoted to original and/or innovative applications of recent statistical methodology and complex approaches of statistical data analysis. The journal is published four times a year. SMA provides a forum for the presentation of Italian and international research on methods that are of central interest to modern statistics. Discussions on methodological foundations and methods that have broad applications will be welcome and preferred."
STATISTICAL MODELLING,"The primary aim of the journal is to publish original and high-quality articles that recognize
statistical modelling as the general framework for the application of statistical ideas. Submissions
must reflect important developments, extensions, and applications in statistical modelling. The
journal also encourages submissions that describe scientifically interesting, complex or novel
statistical modelling aspects from a wide diversity of disciplines, and submissions that embrace
the diversity of applied statistical modelling.
An important objective and exciting feature of the journal is that the reader should be able to
reproduce the results presented in published articles, apply the published techniques to their own
problems, and even develop their own extensions of the methodology. To achieve this authors
are strongly encouraged to make data and software available over the internet through a website
linked to the journal: http://www.statmod.org/journal.htm. Authors are encouraged to make
available supplemental material related to their published manuscript on this site as well.
The journal aims to be the major resource for statistical modelling, covering both methodology
and practice. Its goal is to be multidisciplinary in nature, promoting the cross-fertilization of ideas
between substantive research areas, as well as providing a common forum for the comparison,
unification and nurturing of modelling issues across different subjects.
The journal will have three main themes:
 New Modelling Concepts and Approaches for papers on new statistical modelling
ideas. These papers will be based upon a problem of real substantive interest with
appropriate data. Papers that merely propose and study the properties of new
methodology based on a standard or well-known model are not appropriate for
publication in the journal.
 Practical Applications for papers on interesting practical problems which are addressed
using an existing or a novel adaptation of an existing modelling technique.
 Tutorials & Reviews with papers on recent and cutting edge topics in statistical
modelling.
A Note on “Practical Applications” Papers
Since ""Practical Applications"" manuscripts are less common in statistics journals than the other
two types, it is worth being more specific concerning the types of manuscripts that fall into this
category. Manuscripts should describe statistical analyses of a subject area, where the proposed
analyses have rarely (if ever) been done in the application field. This is not, however, sufficient for
acceptance for publication. Manuscripts should also provide a thorough literature review of how
data of this type are currently handled in the literature of the application area, a review of any
applications of modern statistical methodology applied to data of its type in the area, and
justification as to why the work is important to the subject area, and provides gains beyond
current methodology applied to the field. The methodology used should be modern and
reasonably sophisticated (although not necessarily innovative) and should have few or no
applications so far in the subject area literature. The intention in publishing such manuscripts is to
provide an opportunity for readers (including those from the application area) to see the potential
to revolutionize data analysis in the field. It is also hoped that such publication would provide an
outlet for statisticians who may get little recognition in the statistics field for excellent, non-routine,
clever, state-of-the-art work in subject areas.
Statistical Modelling wishes to particularly encourage Ph.D. students to submit their original work.
As the Editorial Board is aware of the importance of timely publication for articles that are part of
a cumulative Ph.D. thesis, we encourage corresponding authors to highlight when the first author
is a Ph.D. student. The Editorial Board will then give these articles priority in order to reach a
timely decision and will try to provide a fast peer review process in a supportive environment."
STATISTICS & PROBABILITY LETTERS,"Statistics & Probability Letters adopts a novel and highly innovative approach to the publication of research findings in statistics and probability. It features concise articles, rapid publication and broad coverage of the statistics and probability literature.
Statistics & Probability Letters is a refereed journal. Articles will be limited to six journal pages (13 double-space typed pages) including references and figures. Apart from the six-page limitation, originality, quality and clarity will be the criteria for choosing the material to be published in Statistics & Probability Letters. Every attempt will be made to provide the first review of a submitted manuscript within three months of submission.
The proliferation of literature and long publication delays have made it difficult for researchers and practitioners to keep up with new developments outside of, or even within, their specialization. The aim of Statistics & Probability Letters is to help to alleviate this problem. Concise communications (letters) allow readers to quickly and easily digest large amounts of material and to stay up-to-date with developments in all areas of statistics and probability.
The mainstream of Letters will focus on new statistical methods, theoretical results, and innovative applications of statistics and probability to other scientific disciplines. Key results and central ideas must be presented in a clear and concise manner. These results may be part of a larger study that the author will submit at a later time as a full length paper to SPL or to another journal. Theory and methodology may be published with proofs omitted, or only sketched, but only if sufficient support material is provided so that the findings can be verified. Empirical and computational results that are of significant value will be published. We also plan to publish applications and case studies that demonstrate a novel use of existing techniques or have interesting innovative ideas about data collection, modelling or inference."
STATISTICS AND COMPUTING,"Statistics and Computing is a bi-monthly refereed journal which publishes papers covering the range of the interface between the statistical and computing sciences.
In particular, it addresses the use of statistical concepts in computing science, for example in machine learning, computer vision and data analytics, as well as the use of computers in data modelling, prediction and analysis. Specific topics which are covered include: techniques for evaluating analytically intractable problems such as bootstrap resampling, Markov chain Monte Carlo, sequential Monte Carlo, approximate Bayesian computation, search and optimization methods, stochastic simulation and Monte Carlo, graphics, computer environments, statistical approaches to software errors, information retrieval, machine learning, statistics of databases and database technology, huge data sets and big data analytics, computer algebra, graphical models, image processing, tomography, inverse problems and uncertainty quantification.
In addition, the journal contains original research reports, authoritative review papers, discussed papers, and occasional special issues on particular topics or carrying proceedings of relevant conferences. Statistics and Computing also publishes book review and software review sections."
STATISTICS,"Statistics is a leading international research journal that publishes high-quality research articles which develop new theory, methods and applications in any active field of statistics and statistical learning. Papers submitted for consideration should provide novel contributions to statistical theory, with rigorous mathematical proofs; or relevant statistical applications, with well demonstrated use cases. Statistics does not publish papers which contain non-applicable statistical theory, or statistical applications not based on a solid theoretical background (e.g. pure case studies which are not interesting from a statistical view). Topics of interest include, for example:
statistical learning
machine learning
nonparametric statistics
functional data analysis
time series
network models
econometrics
psychometrics
survival analysis
risk management
evaluation of artificial intelligence applications.
Proposals for high-quality special issues within the general framework of the journal will be considered on their merit and should be sent to the Co-Editors for review."
ADVANCES IN DATA ANALYSIS AND CLASSIFICATION,"The international journal Advances in Data Analysis and Classification (ADAC) is designed as a forum for high standard publications on research and applications concerning the extraction of knowable aspects from whatever types of data. It publishes articles on topics as, e.g.,
Structural, quantitative, or statistical approaches for the analysis of data,
Advances in classification, clustering, and pattern recognition methods,
Strategies for modeling complex data and mining large data sets,
Methods for the extraction of knowledge from whatever type of data, and
Applications of advanced methods in specific domains of practice.
In particular, this comprises the consideration and handling of new data types as well as the analysis of complex structures such as text data and webfiles. Whereas the discussion of theoretical, statistical, or algorithmic advances in methodology is a major issue (e.g., in classification and clustering), the journal encourages strongly the publication of applications that illustrate how new domain-specific knowledge can be made available from data by skillful use of data analysis methods. In addition to contributed papers on specific topics, the journal also publishes survey papers that outline, and illuminate, the basic ideas and techniques of special approaches. On occasion, specialized topics will be presented in a special issue. The journal is supported by several scientific societies which aim to foster the area of classification and data analysis.
Supported by the International Federation of Classification Societies
Funded by the Italian, German, and Japanese Classification Societies (CLADAG, GfKl, JCS)"
ANNALS OF STATISTICS,"The Annals of Statistics aim to publish research papers of highest quality reflecting the many facets of contemporary statistics. Primary emphasis is placed on importance and originality, not on formalism. The journal aims to cover all areas of statistics, especially mathematical statistics and applied/interdisciplinary statistics. Of course many of the best papers will touch on more than one of these general areas, because the discipline of statistics has deep roots in mathematics, and in substantive scientific fields.
Mathematical Statistics
Mathematics provides the language in which models, the properties of statistical methods and computation algorithms are formulated. It is essential for rigor, coherence, clarity and understanding. Consequently, our policy is to continue to play a special role in presenting research at the forefront of mathematical statistics, especially theoretical advances that are likely to have a significant impact on statistical methodology, computation or understanding.
Applied and Interdisciplinary Statistics
Substantive fields are essential for continued vitality of statistics since they provide the motivation and direction for most of the future developments in statistics. We thus intend to publish papers relating to the role of statistics in interdisciplinary investigations in all fields of natural, medical, technical and social science."
AMERICAN STATISTICIAN,"Are you looking for general-interest articles about
current national and international statistical problems and programs,
interesting and fun articles of a general nature about statistics and its applications, or
the teaching of statistics?
Then you are looking for The American Statistician ( TAS ), published quarterly by the American Statistical Association. TAS contains timely articles organized into the following sections: Statistical Practice, General, Teacher's Corner, Statistical Computing and Graphics, Reviews of Books and Teaching Materials, Letters to the Editor, History Corner, and Interdisciplinary.
Statistical Practice
This section contains articles that are interesting or useful with regard to the practice of statistics, such as:
case studies that illustrate important lessons and issues involved in the practice of statistics, or that deal with applications having broad appeal;
discussions and comparisons of modern statistical methods, focusing on their usefulness in practice;
articles that address practical problems at the interface between statistical methodology and areas of application; and
articles that present statistical solutions to current industrial problems, with emphasis on methodology.
General
The following list illustrates examples of topics for articles in this section:
national and international statistical problems and programs, and public policy matters of direct interest to the statistical profession;
the history of statistics and probability;
commentaries, or informative essays, that provide viewpoints and perspective on statistical topics of general interest (these are similar in spirit to Letters to the Editor but involve longer discussions of background, issues, and perspective);
methodological developments that are both of broad interest to statisticians and generally not highly technical; and
expository or tutorial state-of-the-art surveys of the discipline.
The editorial board particularly desires to attract expository articles written for a general statistical audience on topics of current importance in areas including, but not limited to, the preceding list.
Teacher's Corner
In this section, The American Statistician publishes articles, notes, and discussions of interest to statistics teachers covering a variety of different courses and settings. The range includes:
statistics and probability topics for high school students, including Advanced Placement Statistics;
introductory college courses in statistics for all audiences;
applied statistics courses at all levels;
industrial and continuing education outside the framework of standard academic courses; and
mathematical statistics courses at the undergraduate and first-year graduate level. An article for this section should state clearly the type of course in which the material is useful and it is desirable to discuss student reactions to the ideas presented.
Statistical Computing and Graphics
This section includes articles about statistical computing and statistical graphics that are of broad interest to statisticians. For example, topics can include new graphical procedures or comparisons and evaluations of existing procedures; proposals of computational algorithms or assessments in terms of speed or numerical stability; and computational methods for simulation and approximation.
This section also includes a special component, Statistical Computing Software Reviews, which contains reports in the style of book reviews, generally extensive and comparative, on selected computer software systems.
Reviews of Books and Teaching Materials
The American Statistician publishes reviews of materials related to the teaching of undergraduate and service courses in statistics. This includes textbooks for such sources; special volumes and conference proceedings concerning statistical education; software, videotapes, organized sources of data, and internet resources intended for purposes of statistical education. While only professionally published materials are typically considered for review, high-quality self-published resources that are of broad interest to the statistical community may be considered on a case-by-case basis. All reviews are coordinated with the Journal of the American Statistical Association through the Reviews Editor, who handles both The American Statistician and JASA and selects reviews for The American Statistician according to the above criteria. Items are not reviewed in both journals. Book publishers and developers of other items who wish to have their products reviewed in this section should contact: Jay Breidt fjay.breidt@colostate.edu
Letters to the Editor
Letters to the Editor are confined to discussions of papers that have appeared recently in The American Statistician and to discussions of important issues facing the statistical community. Letters discussing papers must be received within three months of publication of the paper; the author of the paper will then be given an opportunity to reply, and the letters and reply will be published together. All letters to the editor are refereed.
History Corner
Articles relating to the history of statistics, from very old to somewhat recent history, are welcome. Examples may include archival research on the early days of the ASA showing some interesting new facet; papers displaying historical trends in the use of statistics in teaching, research and practice; re-interpretations of history in modern light (e.g., as changed by modern technology); unearthing of little-known contributions by historical statistical luminaries; and recollections of general interest. ""History"" is interpreted fairly broadly: technology has rendered much of the latter part of the 20th century ""historical.""
Interdisciplinary
This section has a character somewhat like JASA Applications and Case Studies, as well as Statistical Science, but with perhaps greater subject matter emphasis, and certainly with greater accessibility and clear exposition characteristic of TAS. Papers in this section should:
bring more domain-specific application knowledge to statisticians; and
make TAS and the ASA in general more attractive to people who are ""on the fringes"" of statistics, but housed in various ""nonstatistics"" academic, professional, and scientific disciplines. Types of papers in this section include surveys of uses of statistics in fields that are considered primarily not statistics, descriptions of important problems in particular disciplines in need of statistical methods, and critical reviews of statistical methodologies that are in common use outside of the statistical core.
Data Science
Papers in this section would normally include either novel developments in classifications, clustering, predictive modeling, or alternatively, would utilize these statistical tools to creatively solve applied problems, potentially via inter-disciplinary teams, that have a significant impact. In either case, papers for the data science section should reflect an expository writing style.
Tutorial
This section is designed to provide an entry point to professional statisticians to modern statistical methods. It differs from Teacher's Corner because papers in the Tutorial section are not written with teaching students in mind. It differs from a Review Paper because the aim is not for an up-to-date bibliography of related research and/or articulation of a vision for future work. Instead, the Tutorial section calls for expository papers that explain the basics and provide a gentle introduction to areas of statistics that are fairly recent, or even on the cutting edge, and that include revealing examples and an indication on how the area impacts statistical practice.
The American Statistician is indexed by MathSci Online, ISI Web of Knowledge, the SRM Database, and Current Index to Statistics; it is also reviewed in Mathematical Reviews and abstracted in Research into Higher Education Abstracts, as well as by Information Access Group."
ANNALS OF APPLIED STATISTICS,"Statistical research spans an enormous range from direct subject-matter collaborations to pure mathematical theory. The Annals of Applied Statistics, the newest journal from the IMS, is aimed at papers in the applied half of this range. Published quarterly in both print and electronic form, our goal is to provide a timely and unified forum for all areas of applied statistics."
BIOMETRICS,"Published on behalf of the International Biometric Society, Biometrics emphasizes the role of statistics and mathematics in the biosciences. Its objectives are to promote and extend the use of statistical and mathematical methods in the principal disciplines of biosciences by reporting on the development and application of these methods. A centerpiece of most Biometrics articles is scientific application that sets scientific or policy objectives, motivates methods development, and demonstrates the operations of new methods.
Papers in the journal appear in one of four sections. The Biometric Methodology section presents papers that focus on the development of new methods and results of use in the biosciences. The Biometric Practice section contains papers involving innovative applications of methods and providing practical contributions and guidance, biological insight, and/or significant new findings. Neutral comparisons (guideline manuscripts) will be considered. Reader Reaction papers refer directly to articles previously published in the journal, and Letters to the Editors provide comments and suggestions on the journal and its content. The Book Review section intends to offer timely reviews of newly published books, including statisticians and people from other disciplines, who are interested in theoretical and methodological development and evolution in Biometrics."
BERNOULLI,"Issued four times per year, Bernoulli is the flagship journal of the Bernoulli Society for Mathematical Statistics and Probability.
The journal aims at publishing original research contributions of the highest quality in all subfields of Mathematical Statistics and Probability (although, for some submissions, authors might be encouraged to submit their work to other, more thematic, outlets sponsored by the Bernoulli Society).
The main emphasis of Bernoulli is on theoretical work, yet discussion of interesting applications in relation to the proposed methodology is also welcome."
ANNALS OF THE INSTITUTE OF STATISTICAL MATHEMATICS,"Annals of the Institute of Statistical Mathematics (AISM) aims to provide a forum for open communication among statisticians, and to contribute to the advancement of statistics as a science to enable humans to handle information in order to cope with uncertainties. It publishes high-quality papers that shed new light on the theoretical, computational and/or methodological aspects of statistical science. Emphasis is placed on (a) development of new methodologies motivated by real data, (b) development of unifying theories, and (c) analysis and improvement of existing methodologies and theories. It also seeks to contribute to statistical science in machine learning and econometrics. AISM is trying to make faster decisions after the reception. For example, around 60%, 80%, and 90% of submissions received from July 2019 to June 2020 had a review time from receipt to first decision of 1, 3, and 5 months or less, respectively."
BIOMETRIKA,"The three primary criteria by which all papers are judged are:
1. importance of the work to the understanding, practice or potential practice of statistics;
2. the degree of conceptual novelty and insight;
3. the conciseness and clarity with which the ideas are conveyed.
The novelty may take many forms, including: the development of new methodology accompanied by an insightful analysis; papers where the innovation is around computational efficiency, where this is important for the application of the statistical method; a penetrating exposition of anomalous or unforeseen behaviour of mainstream inferential tools; original formulations uncovering foundational structure with potential relevance to statistical practice. Papers concerned purely with sampling properties of existing procedures or minor developments thereof are typically unsuitable unless such properties reveal considerable structural understanding. We do not publish purely applied work.
Biometrika publishes three types of paper: regular papers, synthesis papers (both normally fewer than 20 pages) and miscellanea articles (max. 8 pages). Miscellanea papers are not expected to have the breadth of contribution of regular papers but need to meet the same standards in terms of importance of the work, novelty of the insights, and general quality. Synthesis papers should either open up an emerging area outside of statistics to a statistical audience, assuming that area will be important to statistics, or be a synthesis of two or more areas of statistics that brings fundamental new insight.Papers that introduce a new application area for statistics are not appropriate."
COMMUNICATIONS IN STATISTICS-SIMULATION AND COMPUTATION,"Communications in Statistics - Simulation and Computation is a subscription-based, peer-reviewed journal covering theoretical and methodological advances at the interface of probability, statistics, and computation.
We expect contributions to have a primary statistical focus and in particular welcome contributions in the following areas:
algorithmic development
scalable and high-performance computing for statistical methods
Monte Carlo and resampling
graphical and visualization-based inference
statistical learning, and
other computationally intensive approaches
Comprehensive, well-designed, and reproducible simulation studies that rigorously assess and compare the performance of statistical or probabilistic methods are also considered. Periodic special issues on topics of current interest should aim to provide authoritative, up-to-date reviews for our readership, and we welcome proposals for such special issues submitted directly to the co-editors.
The series does not favor the following:
Papers whose primary contribution is introducing a new probability distribution or an extension of an existing distribution, or routine inference based on such distributions, unless the work demonstrates substantial, generalizable methodological or computational innovation.
Case studies that merely apply existing computational or simulation methods to analyze specific datasets without methodological advancement or broadly applicable insights.
Manuscripts focused mainly on probability or statistical theory (e.g., asymptotic properties, convergence results) that use computation or simulation only for numerical illustration rather than as a central methodological contribution. Such manuscripts may be more suitable for the Theory and Methods series.
The journal welcomes original research articles and review articles for consideration. All articles received by the Journal will be subject to single anonymous peer review.
Submissions should make clear the computational contribution and its impact on statistical methodology or practice."
COMMUNICATIONS IN STATISTICS-THEORY AND METHODS,"The Theory and Methods series intends to publish papers that make theoretical and methodological advances in Probability and Statistics. New applications of statistical and probabilistic methods will also be considered for publication. In addition, special issues dedicated to a specific topic of current interest will also be published in this series periodically, providing an exhaustive and up-to-date review of that topic to the readership."
BIOSTATISTICS,"Among the important scientific developments of the 20th century is the explosive growth in statistical reasoning and methods for application to studies of human health. Examples include developments in likelihood methods for inference, epidemiologic statistics, clinical trials, survival analysis, and statistical genetics. Substantive problems in public health and biomedical research have fueled the development of statistical methods, which in turn have improved our ability to draw valid inferences from data. The objective of Biostatistics is to advance statistical science and its application to problems of human health and disease, with the ultimate goal of advancing the public's health.
Biostatistics  is an online only journal publishing papers that develop innovative statistical methods with applications to the understanding of human health and disease, including basic biomedical sciences. Papers should focus on methods and applications. Introduction of original methodology should be grounded in substantive problems;there is the opportunity to present extensive analyses of data on the journal's website as supplementary material. Authors are strongly encouraged to submit code supporting their publications. Authors should submit a link to a Github repository and to a specific example of the code on a code archiving service such as Figshare or Zenodo.  
Papers submitted for publication in Biostatistics should satisfy at least one of the following criteria:
development of new stochastic models or statistical methodology clearly motivated by a substantive problem in health or biomedical sciences;
innovative application of statistical methodology to address a substantive problem in health or biomedical sciences;
critical review of an area of statistical methodology relevant to health or biomedical science applications, with a focus on practical utility;
case studies based on important health or biomedical sciences data."
COMPUTATIONAL STATISTICS & DATA ANALYSIS,"Computational Statistics and Data Analysis (CSDA), an Official Publication of the network Computational and Methodological Statistics (CMStatistics) and of the International Association for Statistical Computing (IASC), is an international journal dedicated to the dissemination of methodological research and applications in the areas of computational statistics and data analysis. The journal consists of four refereed sections which are divided into the following subject areas: I) Computational Statistics - Manuscripts dealing with: 1) the explicit impact of computers on statistical methodology (e.g., Bayesian computing, bioinformatics,computer graphics, computer intensive inferential methods, data exploration, data mining, expert systems, heuristics, knowledge based systems, machine learning, neural networks, numerical and optimization methods, parallel computing, statistical databases, statistical systems), and 2) the development, evaluation and validation of statistical software and algorithms. Software and algorithms can be submitted with manuscripts and will be stored together with the online article. II) Statistical Methodology for Data Analysis - Manuscripts dealing with novel and original data analytical strategies and methodologies applied in biostatistics (design and analytic methods for clinical trials, epidemiological studies, statistical genetics, or genetic/environmental interactions), chemometrics, classification, data exploration, density estimation, design of experiments, environmetrics, education, image analysis, marketing, model free data exploration, pattern recognition, psychometrics, statistical physics, image processing, robust procedures. III) Special Applications - IV) Annals of Statistical Data Science "
ELECTRONIC JOURNAL OF STATISTICS,"The Electronic Journal of Statistics (EJS) publishes research articles and short notes on theoretical, computational and applied statistics. The journal is open access. Articles are refereed and are held to the same standard as articles in other IMS journals. Articles become publicly available shortly after they are accepted."
JOURNAL OF APPLIED STATISTICS,"Journal of Applied Statistics is a world-leading journal which provides a forum for communication among statisticians and practitioners for judicious application of statistical principles and innovations of statistical methodology motivated by current and important real-world examples across a wide range of disciplines, including, but not limited to:
biological and biomedical sciences
business, economics, management and finance
computer science and information technology
data science
ecology
education
engineering
genetics and genomics
medicine and related disciplines
operations research
social sciences
The editorial policy is to publish rigorous, clear and accessible papers on methods developed for real-life statistical problems, and which are anticipated to have a broad scientific impact. Purely theoretical papers are avoided but those on theoretical developments which clearly exhibit concrete applied potential may be considered. Papers demonstrating creative development of statistical techniques based on a true challenge in a subject area are strongly encouraged. The Journal publishes original research papers, review articles, and short application notes.
In general, original research papers should present one or two challenges in an area, include relevant data, provide a novel method to solve challenges, and demonstrate that the proposed method has answered questions that were not properly or optimally addressed before by relevant existing methods.
Review articles should focus on one or more current statistical research methods that have been widely used by other discipline(s), along with applications and a discussion for future directions.
Application notes should at least illustrate innovative application of existing statistical method(s) to a data challenge in any discipline with convincing findings. Statistical software/software package papers (written in R, Python, or other software tools, openly accessible by researchers) are also welcome as Application Notes if the software is developed to implement a new statistical method, to provide innovative application of existing statistical method(s) that have not been implemented as software, or to substantially improve current statistical software. Please refer to the Instructions for Authors for specific guidelines on how to prepare software papers.
All papers must be prepared using the Journal's templates. Original research and review articles should not typically be more than 20 manuscript pages, while application notes should be at most 15 manuscript pages. Theoretical appendices, datasets, and multimedia material can be published as supplemental online material."
JOURNAL OF BUSINESS & ECONOMIC STATISTICS,"The Journal of Business and Economic Statistics (JBES) serves as an outlet for high-quality methodological contributions oriented towards applications in microeconomics, macroeconomics, business, and finance. The innovations in methodology include the development and improvement of statistical methods; adapting methods from other fields, including machine learning and data science more broadly; as well as computational improvements. Theoretical contributions should have clear empirical relevance. Articles published in JBES feature excellent exposition, clear motivation, and often include a substantive empirical application.
JBES is indexed in the Current Index to Statistics and in ABI/INFORM. It is accessible through MathSci Online. JBES is abstracted in the Journal of Economic Literature and the online Economic Literature Index."
JOURNAL OF COMPUTATIONAL AND GRAPHICAL STATISTICS,"The Journal of Computational and Graphical Statistics ( JCGS ) presents the very latest techniques on improving and extending the use of computational and graphical methods in statistics and data analysis. Established in 1992, this journal contains cutting-edge research, data, surveys, and more on numerical graphical displays and methods, and perception. Articles are written for readers who have a strong background in statistics but are not necessarily experts in computing. Published in March, June, September, and December.
JCGS is indexed by MathSci Online, Current Index to Statistics, SciSearch, Research Alert, CompuMath Citation Index, and Current Contents/Physical, Chemical and Earth Sciences."
JOURNAL OF MULTIVARIATE ANALYSIS,"The Journal of Multivariate Analysis (JMVA) is the central venue for the publication of new, relevant methodology and particularly theoretical developments of multivariate statistics combined with innovative applications pertaining to the analysis and interpretation of multidimensional data.
Papers making substantial contributions to regression or time series analysis for multidimensional response variables are invited.
Please note that a JMVA article is of length 15-25 pages. All proofs of propositions, theorems and lemmas should appear in the main body of the text or an appendix (not in a supplement).
The journal welcomes contributions to all aspects of multivariate data analysis and modeling, including cluster analysis, discriminant analysis, factor analysis, independent component analysis and multidimensional continuous or discrete distribution theory, where the theory should connect to multivariate statistical inference.
Topics of current interest include, but are not limited to, inferential aspects of:
Change point analysis
Copula modeling
Functional data analysis
Graphical modeling
High-dimensional data analysis
Image analysis
Multivariate extreme-value theory
Multivariate mixed models
Sparse modeling
Spatial statistics,
Submissions dealing with univariate models, including regression models with a single response variable and univariate time series models, are usually deemed to fall outside the journal's remit.
Papers whose content is probabilistic in nature or whose main contribution is to substantive areas (e.g., actuarial science, biostatistics, economics, finance or hydrology) typically fall outside the journal's scope and will only be considered for publication if the statistical methodology used is both novel and broadly applicable.
Finally, note that contributors to multivariate survival analysis, reliability theory and statistical quality control should submit their papers to journals specializing in these areas to ensure that their work reaches the targeted audience.
This journal has an Open Archive. All published items, including research articles, have unrestricted access and will remain permanently free to read and download 48 months after publication. All papers in the Archive are subject to Elsevier's user license."
JOURNAL OF NONPARAMETRIC STATISTICS,"Journal of Nonparametric Statistics provides a medium for the publication of research and survey work in nonparametric statistics and related areas. The scope includes, but is not limited to the following topics:
Nonparametric modeling
Nonparametric function estimation
Rank and other robust and distribution-free procedures
Resampling methods
Lack-of-fit testing
Multivariate analysis
Inference with high-dimensional data
Dimension reduction and variable selection
Methods for errors in variables, missing, censored, and other incomplete data structures
Inference of stochastic processes
Sample surveys
Time series analysis
Longitudinal and functional data analysis
Nonparametric Bayes methods and decision procedures
Semiparametric models and procedures
Statistical methods for imaging and tomography
Statistical inverse problems
Financial statistics and econometrics
Bioinformatics and comparative genomics
Statistical algorithms and machine learning.
Both the theory and applications of nonparametric statistics are covered in the journal. Research applying nonparametric methods to medicine, engineering, technology, science and humanities is welcomed, provided the novelty and quality level are of the highest order.
Authors are encouraged to submit supplementary technical arguments, computer code, data analysed in the paper or any additional information for online publication along with the published paper."
JOURNAL OF STATISTICAL COMPUTATION AND SIMULATION,"Journal of Statistical Computation and Simulation ( JSCS ) publishes significant and original work in areas of statistics which are related to or dependent upon the computer. Fields covered include computer algorithms related to probability or statistics, studies in statistical inference by means of simulation techniques, and implementation of interactive statistical systems. JSCS does not consider applications of statistics to other fields, except as illustrations of the use of the original statistics presented. Accepted papers should ideally appeal to a wide audience of statisticians and provoke real applications of theoretical constructions."
JOURNAL OF STATISTICAL PLANNING AND INFERENCE,"The Journal of Statistical Planning and Inference offers itself as a multifaceted and all-inclusive bridge between classical aspects of statistics and probability, and the emerging interdisciplinary aspects that have a potential of revolutionizing the subject. While we maintain our traditional strength in statistical inference, design, classical probability, and large sample methods, we also have a far more inclusive and broadened scope to keep up with the new problems that confront us as statisticians, mathematicians, and scientists, such as clustering, post model selection inference, deep learning and random networks.
We publish high quality articles in all branches of statistics, probability, discrete mathematics, machine learning, and bioinformatics. We also especially welcome well written and up to date review articles on fundamental themes of statistics, probability, machine learning, and general biostatistics. Thoughtful letters to the editors, interesting problems in need of a solution, and short notes carrying an element of elegance or beauty are equally welcome.
We want to serve as the broadest international platform for high quality research on every aspect of our field, traditional and cutting edge. The quality and the breadth of our editorial board reflects that singular priority."
JOURNAL OF STATISTICAL SOFTWARE,"The Journal of Statistical Software (JSS) publishes open-source software and corresponding reproducible scholarly articles discussing all aspects of the design, implementation, documentation, application, evaluation, comparison, maintenance and distribution of software dedicated to improvement of state-of-the-art in statistical computing in all areas of empirical research. Open-source code and articles are jointly reviewed and published in this journal and should be accessible to a broad community of practitioners, teachers, and researchers in the field of statistics."
JOURNAL OF THE AMERICAN STATISTICAL ASSOCIATION,"Established in 1888 and published quarterly in March, June, September, and December, the Journal of the American Statistical Association ( JASA ) has long been considered the premier journal of statistical science. Articles focus on statistical applications, theory, and methods throughout all disciplines that make use of data, including economic, social, biological, physical, engineering, and health sciences and the humanities. Important books contributing to statistical advancement are reviewed in JASA .
JASA is indexed in Current Index to Statistics and MathSci Online and reviewed in Mathematical Reviews. JASA is abstracted by Access Company and is indexed and abstracted in the SRM Database of Social Research Methodology."
JOURNAL OF THE ROYAL STATISTICAL SOCIETY SERIES A-STATISTICS IN SOCIETY,"Series A looks at how innovative statistical thinking, design, methods, and analyses play a vital role in all walks of life and benefit society. For example, medicine and biomedical sciences, business and commerce, industry, economics and finance, education and teaching, the law, government and politics, demography, psychology, sociology and sport all fall within its remit.
The journal‘s emphasis is on clearly written quantitative approaches to problems of current relevance rather than the exposition of technical detail. Of particular interest are papers on topical or contentious statistical issues that give reviews or exposés of current statistical concerns, and papers that contribute to our understanding of important substantive questions. Historical, professional, and biographical contributions are also published, as are discussions of methods of data collection and of ethical issues."
JOURNAL OF THE ROYAL STATISTICAL SOCIETY SERIES B-STATISTICAL METHODOLOGY,"The Journal of the Royal Statistical Society, Series B (Statistical Methodology) aims to publish high quality papers on the methodological aspects of statistics and data science more broadly. Papers should contribute to the understanding of statistical methodology and/or develop and improve statistical methods; any mathematical theory should be directed towards these aims. Many papers published in Series B present new methods of collecting or analysing data, with associated theory, an indication of the scope of application, and a real example. Also considered are comparisons, critical evaluations and new applications of existing methods, contributions to probability theory which have a clear practical bearing, statistical computation or simulation where original methodology is involved, and original contributions to the foundations of statistical science. A paper, even if correct and well presented, is likely to be rejected if it only presents straightforward special cases of previously published work, if it is of mathematical interest only, if it is too long in relation to the importance of the new material that it contains, or if it is dominated by computations or simulations of a routine nature."
DATA MINING AND KNOWLEDGE DISCOVERY,"Advances in data gathering, storage, and distribution have created a need for computational tools and techniques to aid in data analysis. Data Mining and Knowledge Discovery in Databases (KDD) is a rapidly growing area of research and application that builds on techniques and theories from many fields, including statistics, databases, pattern recognition and learning, data visualization, uncertainty modelling, data warehousing and OLAP, optimization, and high performance computing.
KDD is concerned with issues of scalability, the multi-step knowledge discovery process for extracting useful patterns and models from raw data stores (including data cleaning and noise modelling), and issues of making discovered patterns understandable.
Data Mining and Knowledge Discovery is the premier technical publication in the field, providing a resource collecting relevant common methods and techniques and a forum for unifying the diverse constituent research communities. The journal publishes original technical papers in both the research and practice of DMKD, surveys and tutorials of important areas and techniques, and detailed descriptions of significant applications. Short (2-4 pages) application summaries are published in a special section.
The journal accepts paper submissions of any work relevant to DMKD. A summary of the scope of Data Mining and Knowledge Discovery includes:
Theory and Foundational Issues: Data and knowledge representation; modelling of structured, textual, and multimedia data; uncertainty management; metrics of interestingness and utility of discovered knowledge; algorithmic complexity, efficiency, and scalability issues in data mining; statistics over massive data sets.
Data Mining Methods: including classification, clustering, probabilistic modelling, prediction and estimation, dependency analysis, search, and optimization.
Algorithms for data mining including spatial, textual, and multimedia data (e.g., the Web), scalability to large databases, parallel and distributed data mining techniques, and automated discovery agents.
Knowledge Discovery Process: Data pre-processing for data mining, including data cleaning, selection, efficient sampling, and data reduction methods; evaluating, consolidating, and explaining discovered knowledge; data and knowledge visualization; interactive data exploration and discovery.
Application Issues: Application case studies; data mining systems and tools; details of successes and failures of KDD; resource/knowledge discovery on the Web; privacy and security issues."
JOURNAL OF ECONOMETRICS,"The Journal of Econometrics serves as an outlet for important, high quality, new research in both theoretical and applied econometrics. The scope of the Journal includes papers dealing with identification, estimation, testing, decision, and prediction issues encountered in economic research. Classical Bayesian statistics, experimental design, and machine learning methods are decidedly within the range of the Journal's interests.
There are two types of submissions
1. Regular (open submissions):
full length papers, or
short papers less than 15 pages.
A Themed issue is a collection of regular (open)submissions on the same topic proposed and/or approved by the Co-Editors. A full list of Themed Issues currently open for submission can be found here. Proposals for themed issues can be sent to journalofeconometrics@gmail.com
2. Invited papers The Co-Editors may invite contributions to
“how to” papers on topics of interest in applied economics.
“Annals Issues” to mark special events."
STATISTICAL METHODS IN MEDICAL RESEARCH,"Statistical Methods in Medical Research is a highly ranked, peer reviewed scholarly journal and is the leading vehicle for review and non-review articles in all the main areas of medical statistics. It is therefore an essential reference for all medical statisticians. It is particularly useful for medical researchers dealing with data and it provides a key resource for medical and statistical libraries, as well as pharmaceutical companies. This unique journal is devoted solely to statistics and medicine and aims to keep professionals abreast of the many powerful statistical techniques now available to the medical profession. As techniques are constantly adopted by statisticians working both inside and outside the medical environment, this review journal aims to satisfy the increasing demand for accurate and up-to-the-minute information."
STATISTICAL PAPERS,"Statistical Papers is a forum for presentation and critical assessment of statistical methods encouraging the discussion of methodological foundations and potential applications.
The Journal stresses statistical methods that have broad applications, giving special attention to those relevant to the economic and social sciences.
Covers all topics of modern data science, such as frequentist and Bayesian design and inference as well as statistical learning.
Contains original research papers (regular articles), survey articles, short communications, reports on statistical software, and book reviews.
High author satisfaction with 90% likely to publish in the journal again."
TECHNOMETRICS,"Technometrics is a Journal of Statistics for the Physical, Chemical, and Engineering Sciences, and is published Quarterly by the American Society for Quality and the American Statistical Association.
Since its inception in 1959, the mission of Technometrics has been to contribute to the development and use of statistical methods in the physical, chemical, and engineering sciences.
The purpose of Technometrics is to contribute to the development and use of statistical and machine learning methods in physical, chemical, and engineering sciences. This vision includes developments on the interface of statistics and computer science such as data mining, machine learning, large databases, and so on. The journal places a premium on clear communication among statisticians and practitioners of these sciences and an emphasis on the application of statistical concepts and methods to problems that occur in these fields. The journal will publish papers describing new statistical techniques, papers illustrating innovative application of known statistical methods, expository papers on particular statistical methods, and papers dealing with the philosophy and problems of applying statistical methods, when such papers are consistent with the journal's objective. Every article shall include adequate justification of the application of the technique, preferably by means of an actual application to a problem in the physical, chemical or engineering sciences. All papers must contain a short, clear summary of contents and conclusions. Mathematical derivations not essential to the flow of the text should be placed in an appendix or a supplementary file. Brief descriptions of problems requiring solution and short technical notes that clearly pertain to the journal's purpose will also be considered for publication. Concise letters to the editor will be published when they are considered timely and appropriate."
TEST,"Journal TEST focuses on cutting-edge research in all areas of Statistics and Probability with significant theoretical, methodological, and applied impact.TEST is published by the Spanish Society of Statistics, Operations Research and Data Science (SEIO)."
JOURNAL OF SURVEY STATISTICS AND METHODOLOGY,"The Journal of Survey Statistics and Methodology, sponsored by AAPOR and the American Statistical Association, began publishing in 2013. Its objective is to publish cutting edge scholarly articles on statistical and methodological issues for sample surveys, censuses, administrative record systems, and other related data. It aims to be the flagship journal for research on survey statistics and methodology. Topics of interest include survey sample design, statistical inference, nonresponse, measurement error, the effects of modes of data collection, paradata and responsive survey design, combining data from multiple sources, record linkage, disclosure limitation, and other issues in survey statistics and methodology. The journal publishes both theoretical and applied papers, provided the theory is motivated by an important applied problem and the applied papers report on research that contributes generalizable knowledge to the field. Review papers are also welcomed. Papers on a broad range of surveys are encouraged, including (but not limited to) surveys concerning business, economics, marketing research, social science, environment, epidemiology, biostatistics and official statistics. The journal has three sections. The Survey Statistics section presents papers on innovative sampling procedures, imputation, weighting, measures of uncertainty, small area inference, new methods of analysis, and other statistical issues related to surveys. The Survey Methodology section presents papers that focus on methodological research, including methodological experiments, methods of data collection and use of paradata. The Applications section contains papers involving innovative applications of methods and providing practical contributions and guidance, and/or significant new findings."
STAT,"Stat is an innovative electronic journal for the rapid publication of novel and topical research results, publishing compact articles of the highest quality in all areas of statistical endeavour. Its purpose is to provide a means of rapid sharing of important new theoretical, methodological and applied research. Stat is a joint venture between the International Statistical Institute and Wiley.
Stat is characterised by:
Speed - a high-quality review process that aims to reach a decision within 20 days of submission. 
Concision - a maximum article length of 10 pages of text, not including references.Supporting materials - inclusion of electronic supporting materials including graphs, video, software, data and images.
Scope - addresses all areas of statistics and interdisciplinary areas.
Stat is a scientific journal for the international community of statisticians and researchers and practitioners in allied quantitative disciplines."
STATA JOURNAL,"The Stata Journal is a quarterly publication containing articles about statistics, data analysis, teaching methods, and effective use of Stata's language. The Stata Journal publishes reviewed papers together with shorter notes and comments, regular columns, book reviews, and other material of interest to researchers applying statistics in a variety of disciplines."
STATISTICS IN MEDICINE,"The journal aims to influence practice in medicine and its associated sciences through the publication of papers on statistical and other quantitative methods. Papers will explain new methods and demonstrate their application, preferably through a substantive, real, motivating example or a comprehensive evaluation based on an illustrative example. Alternatively, papers will report on case-studies where creative use or technical generalizations of established methodology is directed towards a substantive application. Reviews of, and tutorials on, general topics relevant to the application of statistics to medicine will also be published. The main criteria for publication are appropriateness of the statistical methods to a particular medical problem and clarity of exposition. Papers with primarily mathematical content will be excluded. The journal aims to enhance communication between statisticians, clinicians and medical researchers."
JOURNAL OF MACHINE LEARNING RESEARCH,"The Journal of Machine Learning Research (JMLR) provides an international forum for the electronic and paper publication of high-quality scholarly articles in all areas of machine learning. All published papers are freely available online. JMLR has a commitment to rigorous yet rapid reviewing. JMLR seeks previously unpublished papers on machine learning that contain: new principled algorithms with sound empirical validation, and with justification of theoretical, psychological, or biological nature; experimental and/or theoretical studies yielding new insight into the design and behavior of learning in intelligent systems; accounts of applications of existing techniques that shed light on the strengths and weaknesses of the methods; formalization of new learning tasks (e.g., in the context of new applications) and of methods for assessing performance on those tasks; development of new analytical frameworks that advance theoretical studies of practical learning methods; computational models of data from natural learning systems at the behavioral or neural level; or extremely well-written surveys of existing work."
MACHINE LEARNING,"Machine Learning is an international forum for research on computational approaches to learning. The journal publishes articles reporting substantive results on a wide range of learning methods applied to a variety of learning problems, including but not limited to: Learning Problems: Classification, regression, recognition, and prediction; Problem solving and planning; Reasoning and inference; Data mining; Web mining; Scientific discovery; Information retrieval; Natural language processing; Design and diagnosis; Vision and speech perception; Robotics and control; Combinatorial optimization; Game playing; Industrial, financial, and scientific applications of all kinds. Learning Methods: Supervised and unsupervised learning methods (including learning decision and regression trees, rules, connectionist networks, probabilistic networks and other statistical models, inductive logic programming, case-based methods, ensemble methods, clustering, etc.); Reinforcement learning; Evolution-based methods; Explanation-based learning; Analogical learning methods; Automated knowledge acquisition; Learning from instruction; Visualization of patterns in data; Learning in integrated architectures; Multistrategy learning; Multi-agent learning."
